{"cameraMode":{"drawMode":0,"name":"Shaded","section":"Shading Mode"},"sceneLighting":false,"audioPlay":false,"sceneViewState":{"m_AlwaysRefresh":false,"showFog":true,"showSkybox":false,"showFlares":true,"showImageEffects":true,"showParticleSystems":true,"showVisualEffectGraphs":true,"m_FxEnabled":true},"in2DMode":false,"pivot":{"x":-1.8579626083374024,"y":0.05000000074505806,"z":0.7400000095367432},"rotation":{"x":0.45209935307502749,"y":-0.00133750110398978,"z":0.0006804877775721252,"w":0.8919664025306702},"size":0.5003015995025635,"orthographic":true}