{"cameraMode":{"drawMode":0,"name":"Shaded","section":"Shading Mode"},"sceneLighting":false,"audioPlay":false,"sceneViewState":{"m_AlwaysRefresh":false,"showFog":true,"showSkybox":false,"showFlares":true,"showImageEffects":true,"showParticleSystems":true,"showVisualEffectGraphs":true,"m_FxEnabled":true},"in2DMode":false,"pivot":{"x":-1.8600006103515626,"y":0.2892141342163086,"z":0.7399996519088745},"rotation":{"x":-0.33063679933547976,"y":-0.2607771158218384,"z":0.09553985297679901,"w":-0.9020805358886719},"size":0.5173555016517639,"orthographic":false}