{"cameraMode":{"drawMode":0,"name":"Shaded","section":"Shading Mode"},"sceneLighting":false,"audioPlay":false,"sceneViewState":{"m_AlwaysRefresh":false,"showFog":true,"showSkybox":false,"showFlares":true,"showImageEffects":true,"showParticleSystems":true,"showVisualEffectGraphs":true,"m_FxEnabled":true},"in2DMode":false,"pivot":{"x":0.11595523357391358,"y":0.7087448835372925,"z":0.10002052783966065},"rotation":{"x":0.2690311372280121,"y":-0.22143137454986573,"z":0.0637042298913002,"w":0.9351687431335449},"size":1.2669757604599,"orthographic":true}