{"cameraMode":{"drawMode":0,"name":"Shaded","section":"Shading Mode"},"sceneLighting":false,"audioPlay":false,"sceneViewState":{"m_AlwaysRefresh":false,"showFog":true,"showSkybox":false,"showFlares":true,"showImageEffects":true,"showParticleSystems":true,"showVisualEffectGraphs":true,"m_FxEnabled":true},"in2DMode":false,"pivot":{"x":5.960464477539063e-8,"y":0.6270937323570252,"z":2.596851348876953},"rotation":{"x":-0.34414318203926089,"y":0.007602513302117586,"z":-0.002795211737975478,"w":-0.9389656186103821},"size":1.214341402053833,"orthographic":false}