{"cameraMode":{"drawMode":0,"name":"Shaded","section":"Shading Mode"},"sceneLighting":false,"audioPlay":false,"sceneViewState":{"m_AlwaysRefresh":false,"showFog":true,"showSkybox":false,"showFlares":true,"showImageEffects":true,"showParticleSystems":true,"showVisualEffectGraphs":true,"m_FxEnabled":true},"in2DMode":false,"pivot":{"x":0.0033918116241693498,"y":0.7375306487083435,"z":0.26810503005981448},"rotation":{"x":0.4600575268268585,"y":-0.013316978700459004,"z":0.006903714034706354,"w":0.8877630829811096},"size":1.7895336151123047,"orthographic":true}