{"cameraMode":{"drawMode":0,"name":"Shaded","section":"Shading Mode"},"sceneLighting":false,"audioPlay":false,"sceneViewState":{"m_AlwaysRefresh":false,"showFog":true,"showSkybox":false,"showFlares":true,"showImageEffects":true,"showParticleSystems":true,"showVisualEffectGraphs":true,"m_FxEnabled":true},"in2DMode":false,"pivot":{"x":-1.8600006103515626,"y":0.2892141342163086,"z":0.7399996519088745},"rotation":{"x":0.36679452657699587,"y":-0.09464940428733826,"z":0.03754586726427078,"w":0.9247230887413025},"size":0.5173555016517639,"orthographic":true}