{"cameraMode":{"drawMode":0,"name":"Shaded","section":"Shading Mode"},"sceneLighting":false,"audioPlay":false,"sceneViewState":{"m_AlwaysRefresh":false,"showFog":true,"showSkybox":false,"showFlares":true,"showImageEffects":true,"showParticleSystems":true,"showVisualEffectGraphs":true,"m_FxEnabled":true},"in2DMode":false,"pivot":{"x":-1.8600006103515626,"y":0.2892141342163086,"z":0.7399996519088745},"rotation":{"x":-0.3721458315849304,"y":-0.01059833262115717,"z":0.004203821066766977,"w":-0.9282004237174988},"size":0.5173555016517639,"orthographic":false}